date,date2,Overall UK ONS CPIH,Overall UK Micro CPI,London,South East,South West,East of England,East Midlands,West Midlands,Yorkshire and the Humber,North West,North East,Wales,Scotland,Northern Ireland
199704,01/04/1997,2.1,1.454504934,1.545795738,1.35186979,1.091055976,2.035109484,1.008067195,1.896057681,1.639011525,1.404692214,1.456499639,1.272847898,1.891278133,0.8054167
199705,01/05/1997,2.1,1.55185613,1.560504945,1.324955855,1.284049566,1.947806315,1.211720476,2.215119829,1.966931522,1.59397679,1.554295756,1.459182842,1.904302095,0.486532883
199706,01/06/1997,2.1,1.557935848,1.709601846,1.547472272,1.230202442,1.864354956,1.406539849,2.131602646,1.868455425,1.533986553,1.47323965,1.294558727,1.885061034,0.663282904
199707,01/07/1997,2.4,1.744841272,1.988275659,1.75792969,1.614128959,2.193429362,1.563634907,2.356697456,1.931706309,1.634546412,1.480969445,1.64332952,1.943801883,1.286925677
199708,01/08/1997,2.3,1.93573148,2.032284617,1.966483704,1.756902377,2.344928251,1.63651549,2.55238797,2.20986587,1.756599265,1.596259407,1.608097563,2.278552444,1.722082103
199709,01/09/1997,2.2,1.858472352,1.901120988,1.862607012,1.737011875,2.092016807,1.470590617,2.520229583,2.070738754,1.762779258,1.825966866,1.465187086,2.114722281,1.575961039
199710,01/10/1997,2.2,1.8424791,1.854559327,1.726309395,1.76187023,2.235944757,1.674210846,2.591606206,2.1075913,1.752112992,1.652444041,1.739609013,2.022845715,1.468232405
199711,01/11/1997,2.1,1.803630029,1.751922603,1.829023479,1.614221763,2.202825486,1.578958703,2.321350002,2.023315592,1.671656513,1.704608334,1.495973892,2.073043043,1.278002503
199712,01/12/1997,1.9,1.522040707,1.457981344,1.578555732,1.370514549,1.657228983,1.295118495,1.903591518,1.71073052,1.432912966,1.456800128,1.260576853,2.011089575,0.908754174
199801,01/01/1998,1.8,1.191154729,1.196790575,1.240376741,1.220491297,1.311227498,0.882563841,1.56528987,1.250047373,1.161568983,0.896175401,0.914657335,1.403217095,0.913201117
199802,01/02/1998,1.8,1.587444463,1.464799756,1.701560077,1.885575502,1.266475304,1.312115824,1.504835966,1.838007202,1.39421105,1.305663642,1.480751237,1.544165425,1.601706432
199803,01/03/1998,1.9,1.658997457,1.569312444,1.678241195,1.742704828,1.442418263,1.539590405,1.507912596,1.821521909,1.449845881,1.453862754,1.481471306,1.712990045,1.836091212
199804,01/04/1998,2.1,1.954709314,2.037209668,2.069378833,2.078680344,1.759721142,1.846716965,1.839339669,2.075859351,1.841358238,1.724031254,1.724792583,1.842274515,2.126662672
199805,01/05/1998,2.2,2.172820137,2.146833738,2.383344811,2.104493124,1.992424122,2.394342911,1.863558489,2.076617443,2.029062615,2.064341979,1.882643199,2.098017938,2.488115569
199806,01/06/1998,1.9,1.825656741,2.064394228,1.943131986,1.727716615,1.520555463,1.679837342,1.628064376,1.777639352,1.701427833,1.639511702,1.537707321,1.776458734,2.376896136
199807,01/07/1998,1.7,1.499552983,1.788858253,1.681128347,1.518899298,1.172817839,1.24355372,1.382338289,1.525620684,1.426789744,1.223158154,1.175934449,1.202653279,1.579089141
199808,01/08/1998,1.6,1.36589981,1.682582157,1.456442658,1.316729312,1.243019354,1.31571128,1.160602153,1.434648218,1.36137378,1.201407765,1.084275929,0.983004009,1.175528798
199809,01/09/1998,1.7,1.15960739,1.398075154,1.181729016,1.170286316,1.051767777,1.237009368,0.885051287,1.242999868,1.099048937,0.927221336,0.902190401,0.877573571,0.897785122
199810,01/10/1998,1.6,1.186490707,1.51148328,1.234167525,1.186744311,1.063263756,1.201790309,0.924632755,1.211484611,1.140830871,0.813384497,0.651431323,0.987999609,0.664992929
199811,01/11/1998,1.7,1.044161644,1.320273713,1.08161168,0.984805727,1.0479978,1.250464771,1.137647921,1.105539937,1.05455506,0.779251144,0.535778023,0.618006651,0.647596997
199812,01/12/1998,1.9,1.168743907,1.439309876,1.35537056,1.084763299,1.369925957,1.255458651,1.410766106,1.329393649,1.315224319,0.772483169,0.53351576,0.304589903,0.646377604
199901,01/01/1999,2,1.520536172,1.598477393,1.706827847,1.61223535,1.36775393,1.379165277,1.406392517,1.663216562,1.65732216,1.65159671,0.912207036,0.851135434,1.797117734
199902,01/02/1999,1.9,1.198669179,1.56995559,1.271103845,1.121630014,1.452918932,1.162947774,1.374897224,1.247141147,1.584774115,1.4446626,0.474289392,0.582819922,0.923182854
199903,01/03/1999,2.1,1.697456448,2.002061162,1.863979969,1.870727254,2.153473987,1.819689447,1.717857035,1.598411821,2.118563337,1.757558692,0.988356269,1.11176803,0.907442113
199904,01/04/1999,2,1.43595804,1.577590119,1.479958264,1.642204639,1.283112659,1.566946751,1.577576137,1.595958104,1.673599032,1.693478963,0.809113798,1.020116742,0.816240685
199905,01/05/1999,1.7,1.208538603,1.391679724,1.267600195,1.493043141,1.084585513,1.330351307,1.39646301,1.252760907,1.313492151,1.458945977,0.61724827,0.810323584,0.546408701
199906,01/06/1999,1.8,1.326482888,1.299563802,1.411054115,1.587714616,1.513737855,1.67355729,1.374269932,1.218825571,1.535298395,1.565142989,0.805398035,1.068099187,0.594958425
199907,01/07/1999,1.7,1.323831049,1.505836453,1.482880107,1.395546332,1.195463749,1.463073159,1.290940408,1.161339497,1.410393145,1.731140232,0.820679449,1.238500389,1.100785487
199908,01/08/1999,1.6,1.355311902,1.699593824,1.459113096,1.368729375,1.207696077,1.313843003,1.33069455,1.221940954,1.628687934,1.908855443,0.644080867,1.145756432,1.591103677
199909,01/09/1999,1.6,1.388717387,1.5994732,1.579425967,1.452862837,1.477222741,1.474817239,1.32613767,1.337971613,1.665216088,1.865643505,0.685677976,1.192266498,1.449473707
199910,01/10/1999,1.5,1.276617418,1.576283234,1.609769737,1.495530604,1.148923266,1.408602591,1.021482998,1.203517206,1.528230034,1.558036448,0.621155197,1.005171542,1.504764661
199911,01/11/1999,1.5,1.298665381,1.572604214,1.526827073,1.622854103,1.072941033,1.535454581,1.116011275,1.258921876,1.704723947,1.687702723,0.874782256,1.077480815,1.611653767
199912,01/12/1999,1.5,1.296198859,1.610725812,1.440235669,1.394458965,1.111364741,1.675323863,1.090147031,1.228039208,1.520448227,1.7825387,1.309969194,1.324179421,1.19909435
200001,01/01/2000,1.2,0.627729899,1.175793528,0.88940532,0.808904199,0.322757362,1.24339406,0.494073402,0.432568796,0.833396629,0.542024366,0.425932957,0.408456878,0.224208698
200002,01/02/2000,1.2,0.974699125,1.45108526,1.292615264,1.191161478,0.352590023,1.295061533,0.488041427,0.292365488,0.70995039,0.197941625,0.597326812,0.639418479,0.743761498
200003,01/03/2000,1,0.526739635,1.222826176,0.664323794,0.45719477,-0.411480005,0.876795656,0.256672545,0.059532728,0.333296675,0.150621554,0.164374986,0.030894128,0.696257184
200004,01/04/2000,0.9,0.864628756,1.534228549,1.144230242,0.875410431,0.221478177,1.410858478,0.445102462,0.146018649,0.637361174,0.284715323,0.554067862,0.350534794,1.000955069
200005,01/05/2000,1,0.67806424,1.314855188,0.993570289,0.591808976,0.267621091,1.080169531,0.461860063,0.044013474,0.399084919,0.122790954,0.2605,0.119448797,1.107180236
200006,01/06/2000,1.2,0.952428281,1.782872858,1.3793396,0.874826633,0.693621576,1.076110087,0.595445381,0.360522133,0.622021842,0.259838322,0.466836898,0.247054685,0.970477656
200007,01/07/2000,1.2,0.690569261,1.388304987,1.104508145,0.945995431,0.496351851,0.997820924,0.328431283,0.039756625,0.418742123,-0.215382026,0.250104598,-0.039842585,0.492099854
200008,01/08/2000,1,0.348217784,0.743738431,0.666148818,0.499247197,-0.066644954,0.796125795,0.145945052,-0.272313008,0.174612109,-0.817044898,0.327125416,-0.176417116,0.208631044
200009,01/09/2000,1.3,0.637638274,1.053807558,0.908308673,0.951840357,0.282662739,0.821965918,0.692109481,-0.107241304,0.271507919,-0.293473841,0.39108081,0.092047375,0.509337509
200010,01/10/2000,1.4,0.711141467,1.105088718,0.935802472,0.846023505,0.266332436,0.892369031,0.812084409,-0.073900279,0.372647939,-0.185265897,0.601447178,0.141476429,0.701390579
200011,01/11/2000,1.5,0.991136039,1.447027672,1.207676521,1.12037271,0.625131595,0.962026468,0.876563117,0.30919794,0.429609087,0.142955632,0.913602461,0.463477183,0.932941801
200012,01/12/2000,1.2,0.708058828,1.097603353,0.87948844,1.008160544,0.45000703,0.706183072,0.706380429,-0.069675724,0.179270379,-0.283067151,0.351320177,0.208264453,0.979055211
200101,01/01/2001,1.2,0.613436166,0.963887026,0.889442259,0.582965617,0.237691974,0.602528719,0.729734008,-0.035406789,-0.032124563,-0.410658535,0.531204661,0.178836406,0.883342339
200102,01/02/2001,1.2,0.542944849,0.693286619,0.59198289,0.583311416,0.348384497,0.708683764,1.079076888,0.245877506,0.543384891,0.281558697,0.499251611,0.244896781,0.752755636
200103,01/03/2001,1.3,0.729822814,0.874682325,1.027416064,0.777860511,0.374909032,0.926149488,1.028181543,0.485121525,0.635781578,0.179724575,0.748560726,0.252394381,0.682617645
200104,01/04/2001,1.5,0.353482518,0.470262295,0.665095887,0.441955109,0.113413946,0.271944403,0.734518786,0.135229985,0.260105424,-0.069575615,0.19060618,0.031841892,0.115101157
200105,01/05/2001,1.9,0.746349167,0.957472333,0.956908886,0.903036627,0.471025691,0.651890447,0.965724917,0.526536069,0.800056825,0.33698819,0.619948848,0.44213323,0.262605027
200106,01/06/2001,1.9,0.60384995,0.684501093,0.653913601,0.792581942,0.083185047,0.739318068,0.947326936,0.50876026,0.69513452,0.337344818,0.587919569,0.155024896,0.533095049
200107,01/07/2001,1.7,0.394021454,0.27129107,0.197405204,0.618710009,0.256488468,0.7121089,0.907962146,0.174412882,0.295685992,0.203764418,0.43599323,0.08730559,0.449654448
200108,01/08/2001,2.1,0.704971033,0.721717151,0.725014904,0.93532166,0.574636654,1.02861032,1.025742226,0.416371109,0.471486851,0.681850296,0.501075301,0.452628124,0.523419881
200109,01/09/2001,1.7,0.547604075,0.594708666,0.671243421,0.417108773,0.162329427,0.936622728,0.699223566,0.242746191,0.666998205,0.25280718,0.454984544,0.270599916,0.443611855
200110,01/10/2001,1.6,0.448768477,0.348125395,0.444726207,0.540381084,0.291379559,0.730521794,0.74702263,0.242964129,0.525279194,0.363272219,0.481617752,0.169167332,0.0963683
200111,01/11/2001,1.2,-0.075907768,-0.089912346,-0.043815973,-0.059211108,-0.223651129,0.378824313,0.120844178,-0.457467586,-0.130301336,-0.478936114,-0.182588069,-0.390245846,-0.311208433
200112,01/12/2001,1.4,0.015524235,0.086455179,-0.126826469,-0.017107467,-0.186525619,0.414254006,-0.000947912,-0.28936376,0.09942428,-0.324655878,-0.177165919,-0.213103748,-0.178914335
200201,01/01/2002,1.8,0.754146808,0.560826885,0.609357092,0.938360653,0.9196692,1.320851662,0.9135791,0.487873899,0.700029198,0.691258824,0.521681997,0.13600942,0.165843564
200202,01/02/2002,1.7,0.379726443,0.150400071,0.565666322,0.555395345,0.712020094,1.051586431,0.542123569,0.037975802,0.040552911,0.013270222,0.06231549,-0.211997742,0.215803844
200203,01/03/2002,1.7,0.242883447,-0.005666236,0.194794988,0.506693029,0.835202971,0.87675903,0.666386785,-0.298334987,-0.136716787,0.079756564,-0.10786825,-0.065963363,-0.042151473
200204,01/04/2002,1.6,0.265757523,0.000721937,0.223527961,0.466963339,0.756740428,0.867031031,0.738459834,-0.32961501,0.075621519,0.013407936,-0.291959231,-0.062029632,0.314092299
200205,01/05/2002,1.2,-0.057606294,-0.25331019,-0.091291642,0.215163978,0.323915899,0.437313899,0.362751794,-0.644501201,-0.267289398,-0.592684517,-0.329000127,-0.416710148,-0.028859297
200206,01/06/2002,1.1,-0.410168647,-0.707162401,-0.427631994,-0.115182722,0.007313403,0.01938348,-0.010499074,-1.085215878,-0.459327421,-1.057712753,-0.843417222,-0.694216526,-0.181601604
200207,01/07/2002,1.4,0.226114156,-0.110912194,0.342691379,0.481274839,0.476556921,0.457402027,0.470501619,-0.099748735,-0.006424667,-0.18377846,-0.266592413,-0.272450088,0.081654028
200208,01/08/2002,1.3,0.059778409,-0.218010952,0.200660692,0.319987543,0.399199064,0.265102889,0.496688047,-0.488742495,-0.220556834,-0.342795614,-0.401411474,-0.703411512,-0.158495356
200209,01/09/2002,1.2,0.126562849,0.006961914,-0.017542319,0.428858356,0.464655453,0.319870923,0.461669506,-0.333824262,-0.138394535,-0.178264368,-0.25154227,-0.51791702,0.078279017
200210,01/10/2002,1.5,0.19425245,0.027204034,0.206376981,0.475642859,0.441701408,0.48532812,0.405239819,-0.274090179,-0.100475827,0.02700573,-0.360786622,-0.337570921,0.103274475
200211,01/11/2002,1.6,0.505647815,0.236464661,0.567988878,0.700150135,0.756483002,0.654226452,0.686504169,0.146824594,0.389498058,0.301779152,-0.217774767,0.06266118,0.413272184
200212,01/12/2002,1.7,0.400534664,0.105384004,0.47185142,0.655378488,0.700735873,0.572515094,0.727520366,0.118953249,0.124258734,0.29404225,-0.249377789,-0.154984849,0.245488539
200301,01/01/2003,1.4,0.49100522,0.210262116,0.710255823,0.772885567,0.804782505,0.494516167,0.646866691,0.148302962,0.2536839,0.2901502,-0.408017229,0.246127524,0.945948548
200302,01/02/2003,1.6,0.82178302,0.560914561,0.790350975,1.10068359,0.775268165,0.854733551,0.896237109,0.499254632,0.722152591,0.829151125,0.301915565,0.440974433,0.602050915
200303,01/03/2003,1.6,0.914930694,0.475731276,0.973804786,1.049022858,0.989362647,0.815775058,0.774429112,0.840519908,0.918061376,0.737351427,0.661875346,0.517785393,0.932427287
200304,01/04/2003,1.5,0.794602938,0.533658175,0.852636566,1.006508015,0.984108003,0.688416604,0.598319078,0.848557805,0.743822346,0.454274995,0.765475381,0.36819803,0.567783012
200305,01/05/2003,1.3,0.636916609,0.309053295,0.737176494,0.790255973,0.810005338,0.654729366,0.384183422,0.544536785,0.603444422,0.382502068,0.636856569,0.179485438,0.784632477
200306,01/06/2003,1.2,0.865643218,0.709400029,1.12429823,0.989846486,0.916891169,1.026296748,0.598899379,0.710493547,0.601141604,0.750693418,0.927561871,0.296653346,0.780045834
200307,01/07/2003,1.3,1.082976516,0.950978874,1.183530573,1.074659619,1.316875768,1.412571936,0.648774884,0.974350475,0.891786674,1.032886485,1.195095076,0.680766064,1.443338751
200308,01/08/2003,1.4,1.323338179,1.071434947,1.421506489,1.447845581,1.534099981,1.676652281,0.959054777,1.343442277,1.524901057,1.124756081,1.587668737,1.153639939,1.418836794
200309,01/09/2003,1.3,1.169783724,0.953247023,1.477992909,1.292538957,1.375542012,1.519963987,0.948403876,1.188625064,1.152928877,0.761171537,1.485393832,0.844731513,1.266122102
200310,01/10/2003,1.3,1.296649967,1.107363476,1.429306962,1.432932737,1.551029268,1.719171574,0.98350981,1.38828337,1.175773811,0.925657124,1.694959055,1.013725975,1.380166963
200311,01/11/2003,1.3,1.312182192,1.102566055,1.425315795,1.53600612,1.508244206,1.551585532,1.130030966,1.301441571,1.218653078,0.940500756,1.777739926,1.120882645,1.404181144
200312,01/12/2003,1.3,1.380627439,1.159022761,1.469710642,1.562964571,1.440846877,1.706260441,1.091802033,1.329848988,1.454927318,1.094856469,1.822443546,1.245524485,1.340383881
200401,01/01/2004,1.5,1.415615225,1.066901973,1.268996906,1.522819714,1.510971377,1.936481414,0.812635771,1.488174186,1.401733957,0.954763404,2.268059944,1.554312414,1.449613416
200402,01/02/2004,1.4,1.051165023,0.900016968,1.049823438,1.27145612,1.280001637,1.477235269,0.597595882,1.036651336,0.952201761,0.370585899,1.605840938,1.155461395,1.025963483
200403,01/03/2004,1.2,0.883538064,0.779313592,0.783820928,1.115198836,0.966140188,1.267796543,0.525702707,0.897111899,0.883897336,0.380553848,1.153097568,0.89919494,0.638235005
200404,01/04/2004,1.1,1.060801194,0.7965767,0.767217397,1.167675816,1.129942481,1.560030007,0.659500913,1.100351348,0.991794129,0.542165448,1.262512861,1.174740432,1.312176411
200405,01/05/2004,1.4,1.238935646,1.002321951,1.073890685,1.29545272,1.263668972,1.635361473,0.906782875,1.475823547,1.181367257,0.840885354,1.073352214,1.398729171,1.201783523
200406,01/06/2004,1.5,1.196201884,0.824733533,0.942281815,1.442206307,1.157328272,1.491350538,1.00531879,1.501690556,1.259245383,0.666498469,1.171762012,1.369219974,1.206982522
200407,01/07/2004,1.4,0.965933596,0.698438767,0.778830214,0.874613358,0.766521478,1.188093775,0.814553454,1.182989908,1.243945055,0.468049212,0.998913011,1.334072802,1.02703114
200408,01/08/2004,1.4,0.76788851,0.485646836,0.587491624,0.654460202,0.525026148,0.967032449,0.48324743,0.988118696,0.796221986,0.311833568,0.644147565,0.964123344,1.004664608
200409,01/09/2004,1.2,0.73050791,0.309751162,0.611736292,0.767331207,0.467355475,0.952238353,0.480701487,0.962626146,0.836891585,0.347868508,0.421857359,0.8185778,0.874443623
200410,01/10/2004,1.3,0.839548202,0.478459514,0.70713951,0.85278528,0.596925881,0.999572008,0.650005668,0.9584249,1.058626393,0.287377314,0.429051929,0.954121256,0.974309746
200411,01/11/2004,1.5,0.825265651,0.492972742,0.704259897,0.826015799,0.635057229,1.144408315,0.489559804,1.039522283,0.881458982,0.310990403,0.473265097,0.86471201,0.887830757
200412,01/12/2004,1.8,0.874134363,0.529664215,0.888135839,0.764864488,0.604405239,1.101780525,0.77757161,1.142839021,0.884446532,0.248564025,0.67090741,0.903458089,0.996228357
200501,01/01/2005,1.7,0.576332211,0.308602931,0.63196802,0.518788772,0.177218273,0.65863133,0.674317854,0.793007119,0.797715676,-0.159702083,0.234999658,0.591060234,0.462980392
200502,01/02/2005,1.7,0.719331905,0.349332587,0.79023079,0.689260558,0.565431107,0.820051495,0.55976866,1.113679161,0.989166056,0.270149884,0.312619137,0.717083648,0.790164976
200503,01/03/2005,2,0.821569784,0.573469178,0.942365587,0.965390494,0.789848732,0.921908278,0.611521237,1.373026666,0.817894348,-0.085072488,0.343624713,0.816148995,0.988221357
200504,01/04/2005,1.9,0.853861824,0.673416219,1.157157733,0.95343106,0.81898836,0.969654403,0.620082179,1.381947323,0.920044385,0.142061196,0.609761387,0.596341425,0.493684384
200505,01/05/2005,1.9,-0.119172529,-0.300810111,-0.18991142,-0.032667842,-0.366893062,0.062646929,-0.247784853,0.146376079,-0.089440282,-0.78229668,-0.143861835,0.034015255,-0.090378136
200506,01/06/2005,2,1.395717644,1.16681425,1.412060355,1.346918588,1.478247252,1.505660339,0.89974247,1.933622284,1.41006292,0.607736876,1.361968938,1.252380559,1.477041758
200507,01/07/2005,2.3,1.583398699,1.420263359,1.506712019,1.703910841,1.488351357,1.773385814,1.346009825,2.184766138,1.420782821,0.630571062,1.435252471,1.712778809,1.136347591
200508,01/08/2005,2.4,1.705294087,1.504649579,1.582707217,1.810474224,1.653849882,1.859285578,1.503151833,2.264446317,1.597740328,1.059225413,1.94446339,1.73423644,1.171037996
200509,01/09/2005,2.5,1.737269816,1.575371859,1.614445604,1.71152639,1.706787845,1.862975467,1.41260153,2.405394884,1.720028182,1.198243189,2.10663411,1.875813411,1.136296874
200510,01/10/2005,2.4,1.605313904,1.511114589,1.445234723,1.564861388,1.573018705,1.605760725,1.35789906,2.275041392,1.494132432,1.137646113,1.891168276,1.725842588,1.042926948
200511,01/11/2005,2.2,1.510120242,1.413428967,1.307932235,1.525631097,1.290596175,1.419476376,1.534859499,2.023218511,1.545395642,1.119370536,1.7540186,1.646682514,1.13884693
200512,01/12/2005,2.1,1.435528456,1.327381698,1.264414496,1.6166384,1.356847055,1.388800365,1.052208001,1.89194314,1.541305152,1.287729388,1.681921801,1.571142596,0.971205328
200601,01/01/2006,2.2,1.651051644,1.553617772,1.374792669,1.667476633,1.652849788,1.616783465,1.539746987,2.143282937,1.700525739,1.713431112,1.889863715,1.753079162,1.260274956
200602,01/02/2006,2.2,1.657093899,1.510491423,1.346074001,1.649555651,1.33855097,1.708495055,1.697602843,2.19759096,1.703455648,1.669491419,2.287316025,1.501342188,1.174538258
200603,01/03/2006,2,1.411623864,1.23185832,1.214896402,1.283542212,1.04634692,1.558936888,1.54304265,1.768777789,1.60337584,1.52311175,1.955184532,1.268253708,0.722915752
200604,01/04/2006,2.2,1.530904325,1.183601421,1.186062884,1.46497908,1.114224281,1.528848178,1.558462884,1.775514622,1.67324583,1.623789337,1.937817562,1.634803466,0.99885882
200605,01/05/2006,2.4,2.810226018,2.505288572,2.724861686,2.847807868,2.60400707,2.785510131,2.666775019,3.213090341,3.020482798,2.851139031,3.145919323,2.376015776,2.17669032
200606,01/06/2006,2.6,1.521249367,1.299209568,1.291907481,1.581624374,1.003756517,1.445056926,1.725635274,1.688683604,1.654303786,1.682567284,1.920270555,1.561615917,0.829176241
200607,01/07/2006,2.5,1.569344151,1.449467473,1.262121772,1.597942702,0.964196018,1.604144636,1.843800794,1.290816073,1.823736561,1.92577505,2.232825995,1.416402981,1.038593781
200608,01/08/2006,2.6,1.640974902,1.49227868,1.306979231,1.657670419,1.020586236,1.636006355,1.876880166,1.582320528,1.723917792,1.998368081,1.967147064,1.52024866,1.42154559
200609,01/09/2006,2.5,1.315471259,1.156402192,0.904095009,1.377151339,0.734772908,1.395327619,1.556655547,1.232050855,1.276012873,1.584858441,1.677276006,1.232803851,1.290678451
200610,01/10/2006,2.5,1.041759554,0.973243112,0.705362672,1.030977208,0.461795446,1.238036135,1.382426292,0.732453838,1.127899581,1.260983613,1.525067593,0.847870387,1.040854507
200611,01/11/2006,2.8,1.207488584,1.14684594,0.839088287,1.16744001,0.721737703,1.495614388,1.267725894,0.985094447,1.464440224,1.563601128,1.689640093,0.9014883,0.979238844
200612,01/12/2006,2.9,1.431338335,1.405137938,0.986600966,1.383326107,1.00281606,1.540847954,1.670378078,1.222681801,1.576256035,1.780571044,1.903783159,1.120518552,1.425711153
200701,01/01/2007,2.7,1.523589371,1.760525521,1.055584322,1.446547409,0.975669047,1.621185431,1.746153827,1.033812248,1.4680956,1.829465229,1.92528972,1.415232275,1.490482177
200702,01/02/2007,2.7,1.665589656,2.036587567,1.124345131,1.573625297,1.195138321,1.650798565,1.87954972,1.065994458,1.648371647,1.899807897,1.934190691,1.687971621,1.71876754
200703,01/03/2007,2.9,1.905278606,2.219870977,1.25449693,1.937910447,1.364431506,1.929820234,2.059469179,1.305559964,1.854303055,2.584047942,2.226475976,2.00367056,2.173378497
200704,01/04/2007,2.7,1.990547744,2.429350588,1.429896553,1.988584553,1.414090416,2.249932675,2.167428504,1.524275786,1.918769519,2.780509598,2.599168257,1.931905556,2.152545268
200705,01/05/2007,2.5,1.636502224,2.01268196,1.107703106,1.627820111,1.151267344,1.620300963,1.977689648,1.158990803,1.571580237,2.538641463,2.306872857,1.759767419,1.525280873
200706,01/06/2007,2.5,1.588534807,1.981522421,1.037995536,1.586765051,1.171650623,1.666276933,1.776806346,1.075200478,1.536133251,2.617465838,2.06265088,1.684646617,1.463880226
200707,01/07/2007,2,1.433121223,1.628746462,1.076470142,1.475684735,1.156170622,1.217627107,1.559001397,1.338145387,1.316533113,2.271084738,1.654787958,1.232434435,1.53151833
200708,01/08/2007,2,1.239259191,1.515129002,0.853114425,1.467952126,1.039747133,1.194350677,1.262659138,1.094047318,1.224415399,1.842411088,1.371427743,1.158278891,1.044847636
200709,01/09/2007,2,1.807143129,2.103759042,1.478361002,2.138239958,1.582907713,1.636349162,1.959326812,1.578518698,1.79954889,2.481775647,2.022991304,1.609862042,1.41858377
200710,01/10/2007,2.3,2.212622235,2.398878147,1.839441365,2.353205956,1.936377632,1.949242621,2.091107551,2.218700341,2.155159751,3.061795547,2.597452759,2.220440384,1.974524956
200711,01/11/2007,2.2,2.320427974,2.522203813,2.119518475,2.497867912,2.136008647,2.034368319,2.287128466,2.271579183,2.103144554,2.966933663,2.799979446,2.353583025,1.898027456
200712,01/12/2007,2.3,2.389458678,2.563028238,2.067656176,2.574258002,2.064523648,2.394227204,2.387966181,2.221878269,2.176841457,3.080507565,2.725315548,2.532984301,2.239033153
200801,01/01/2008,2.4,2.231172518,2.264186934,1.934230147,2.36818049,1.867394554,2.026183439,2.276688621,2.09784747,2.314597808,3.07942128,2.785566189,2.131995112,1.828438791
200802,01/02/2008,2.6,2.252447434,2.278299861,2.072061248,2.489503326,1.989986533,2.199153601,2.325176967,2.337040596,2.389455164,2.905937623,2.778230658,2.211456368,2.049820144
200803,01/03/2008,2.6,2.31791083,2.2754519,2.108363992,2.587556093,2.112457629,2.094659543,2.471426502,2.383505926,2.4301313,3.046883455,2.970857427,2.31800909,2.432050289
200804,01/04/2008,3,2.605751779,2.580480905,2.507797163,2.900125695,2.389521484,2.47090856,2.943713026,2.622115556,2.558673591,2.995006784,2.957283178,2.682756303,2.674209601
200805,01/05/2008,3.3,2.932147396,2.971226948,2.848683235,3.29183019,2.686738777,3.018079972,3.331083568,2.99264407,2.721290086,3.109110449,3.173770825,2.964347564,3.113760922
200806,01/06/2008,3.7,3.409509633,3.264921517,3.181445547,3.849608927,3.305050454,3.715653389,3.742866345,3.391181606,3.232466202,3.812839572,3.771585842,3.343693344,3.162912206
200807,01/07/2008,4.2,3.7228682,3.566509081,3.590461818,4.104755468,3.555386212,3.955340749,4.042055573,3.664581081,3.409352589,4.450946634,4.117917594,3.847551807,3.515798531
200808,01/08/2008,4.4,3.993512658,3.767857177,3.767850106,4.38449807,3.829693322,4.161993583,4.273153578,3.870273847,3.635527487,4.642330114,4.499776668,4.197669971,4.283814053
200809,01/09/2008,4.8,3.884352962,3.674915853,3.508505442,4.22598188,3.765507746,4.139713374,4.056966158,3.801435404,3.607466462,4.324687168,4.244253819,4.166759299,4.520524806
200810,01/10/2008,4.2,3.913775011,3.585220248,3.663210234,4.385438776,3.745774626,4.37871582,4.512463499,3.81204953,3.694782945,4.210929385,4.031212673,4.181337546,4.014892512
200811,01/11/2008,3.8,3.890406837,3.559379757,3.345688216,4.430236533,3.820907212,4.245797872,4.582080911,3.735017122,3.520627527,4.398947883,4.007605932,4.284114142,4.211299971
200812,01/12/2008,3,2.750980622,2.661577516,2.296561849,3.477369398,2.756915135,3.121298885,3.21605352,2.622577985,2.283814284,3.090215075,3.505568311,2.877094127,3.055059454
200901,01/01/2009,2.9,2.909761319,2.988977348,2.519846205,3.627841483,3.014077023,3.241042118,3.135877225,2.883271811,2.336352368,3.566700806,3.782559359,3.044505009,3.322284874
200902,01/02/2009,3.1,3.84557398,3.831912087,3.496152799,4.56894407,3.950093841,3.948328405,4.280635945,3.533448577,3.086520709,4.714859331,4.365361308,4.438765178,4.16389302
200903,01/03/2009,2.8,3.773184867,3.843253734,3.467382169,4.311674623,3.908108888,3.707216667,4.19679231,3.389113952,2.87063987,4.424523799,4.500096154,4.188474949,4.157156775
200904,01/04/2009,2.3,3.069979305,3.035405092,2.582643457,3.656359614,3.263547469,2.813834267,3.424754394,2.80330034,2.573764356,3.845188425,3.914411446,3.43466606,3.272070055
200905,01/05/2009,2.1,2.971339279,2.808285865,2.469870226,3.562769814,3.147728123,2.841101663,3.203896972,2.511544746,2.349038684,3.476492821,3.768118827,3.346263746,3.184777495
200906,01/06/2009,1.7,2.353982422,2.454778213,2.028048985,2.799077493,2.421709515,1.894694505,2.697549811,2.058469319,1.827419408,2.77868742,3.402375785,2.990101501,2.664032588
200907,01/07/2009,1.6,2.080718582,2.136236656,1.694780024,2.635538632,2.055950167,2.000528149,2.35510078,1.744600299,1.645806566,2.497157587,3.276192516,2.652554092,2.035621504
200908,01/08/2009,1.4,1.998595214,2.138923495,1.701924026,2.469677611,1.987788247,1.746769326,2.324468245,1.666937169,1.501424043,2.489769086,3.264558224,2.522731191,1.624872386
200909,01/09/2009,1,1.780050576,1.798503707,1.574782651,2.178977899,1.828869383,1.426765612,2.18169385,1.718734375,1.237958985,2.301878006,3.223361488,2.169176668,1.142888545
200910,01/10/2009,1.2,1.781332032,1.971828768,1.56952566,2.093161513,1.777519109,1.323149001,1.901954024,1.586624464,1.418077258,2.232920391,3.40377718,2.160578531,1.337515042
200911,01/11/2009,1.5,1.634625161,1.797835582,1.590919765,1.926341403,1.698842407,1.313854308,1.782838691,1.474441963,1.064472707,1.85686241,3.220179208,1.923508048,1.272017887
200912,01/12/2009,2.1,2.764634225,2.726486121,2.561174632,2.781339575,2.873068836,2.238864096,3.032003926,2.521351409,2.470954892,2.885805988,3.95440511,3.10487866,2.268224672
201001,01/01/2010,2.6,3.266489238,3.370407843,3.11435168,3.520506784,3.144915295,3.064772398,3.708584311,2.745793377,2.812469064,3.065675515,4.167219956,3.327482275,2.312466221
201002,01/02/2010,2.1,2.443464372,2.423000325,2.204550913,2.67665189,2.189917969,2.299769838,2.599710919,2.40472509,1.864418499,2.074857308,3.349314377,2.345923751,1.920286232
201003,01/03/2010,2.4,2.473161782,2.197850818,2.247448242,2.777761681,2.105638013,2.728661738,2.645968888,2.542900907,2.365625069,2.052649829,3.23886926,2.264160794,2.010143068
201004,01/04/2010,2.7,2.863241352,2.769325172,2.657197212,3.095403005,2.513999983,2.96879317,3.103528718,2.870481445,2.443628617,2.406601747,3.493539834,2.708276394,2.400348648
201005,01/05/2010,2.5,2.615259359,2.718825308,2.472739947,2.653372686,2.283136159,2.436483018,2.654810711,2.720301958,2.566853394,2.292341818,3.501778919,2.634262001,1.541164805
201006,01/06/2010,2.4,2.658540699,2.542572689,2.499757062,2.881694895,2.452871911,2.830474861,2.829578824,2.525822299,2.35954926,2.186344638,3.52858621,2.498000213,1.826831965
201007,01/07/2010,2.3,2.722382284,2.852453741,2.488554227,2.568897681,2.405479591,2.755482007,3.024414549,2.464442446,2.679325293,2.187392853,3.572621125,2.747563233,2.172675087
201008,01/08/2010,2.4,2.836999149,2.860676929,2.536839662,2.967590466,2.855032607,2.873648576,2.973933253,2.771089577,2.874970278,2.041117486,3.406141235,2.643431497,2.262008676
201009,01/09/2010,2.4,3.356902106,3.359571784,3.203742136,3.677977035,3.106853245,3.774121938,3.446905613,2.999631891,3.683378343,2.401523314,3.854126178,3.288387465,3.007732515
201010,01/10/2010,2.5,3.200991773,3.065535637,3.051337146,3.524152374,2.893378903,3.590007811,3.409811407,2.880213125,3.272914552,2.536871393,3.519951984,3.152937311,3.360460913
201011,01/11/2010,2.6,3.791838945,3.599489065,3.855475371,3.953669441,3.356882237,4.45486151,3.875053816,3.160901972,4.194831435,2.989426897,4.187295689,3.88764129,3.835212179
201012,01/12/2010,3.1,3.8402269,3.579826448,3.803038233,4.018712388,3.460184762,4.462104843,4.114654789,3.48523696,4.0683634,3.353793429,4.163348752,4.299688581,3.390109263
201101,01/01/2011,3.4,4.251435225,3.857901905,4.228161598,4.213207305,4.116449057,4.68681591,4.36975108,4.330040974,4.747168734,3.718095093,4.821729505,5.070103069,4.198356054
201102,01/02/2011,3.7,4.645473277,4.365521351,4.808827587,4.610494916,4.590744823,4.999695762,4.797858658,4.566067589,5.330890481,3.887696198,5.17266218,5.309202719,4.473363437
201103,01/03/2011,3.5,4.521752006,4.550312717,4.519462649,4.693704205,4.434119513,4.72371584,4.944695758,4.280367394,4.956086636,3.881428049,4.873928958,5.451777074,4.188281061
201104,01/04/2011,3.8,4.614121984,4.467040322,4.691161951,4.782193879,4.421865281,5.054058492,4.75199232,4.244885942,5.277358189,3.995335087,5.131943006,5.571435959,4.572697021
201105,01/05/2011,3.8,4.828132572,4.59386984,4.87939516,5.00764631,4.807261104,5.546483503,5.04708451,4.596831169,5.309433283,4.422298803,4.855096767,5.920572887,5.079048508
201106,01/06/2011,3.6,4.78558067,4.530719982,4.847015239,4.964579587,4.625762024,5.281358063,4.925550632,4.730517693,5.511067697,4.477833734,4.825462558,5.834305818,5.068165271
201107,01/07/2011,3.8,5.012088792,4.7042223,5.137692242,5.19906208,5.121049384,5.347860158,5.441294457,5.158393653,5.615283429,4.659077088,4.734571193,5.939993219,5.191929448
201108,01/08/2011,3.9,5.156539499,4.617344619,5.431205811,5.365016242,5.204810559,5.943604564,5.530829029,4.938821206,5.681663265,4.701196996,4.962024802,6.390072883,5.016990234
201109,01/09/2011,4.5,5.077038882,4.725496934,5.27240709,5.208001427,5.107161555,5.484102382,5.475096142,4.914473539,5.342670681,4.701800548,4.667108524,6.059741901,4.558815868
201110,01/10/2011,4.3,5.11925513,4.871335159,5.188232366,5.29163742,5.343579367,5.516251096,5.54278145,5.05655747,5.600870212,4.618787463,4.896588456,5.697112568,4.542230871
201111,01/11/2011,4.1,4.567114915,4.356549448,4.366677126,4.845732574,4.845243972,4.732672299,4.733514694,4.676395699,5.104843386,4.251577781,4.323191042,5.367545872,3.92069728
201112,01/12/2011,3.7,4.14562964,3.945445777,4.22298184,4.426627782,4.160793116,4.337247959,4.503764488,4.019319343,4.504558939,3.984014181,4.1017036,4.788047617,3.652957042
201201,01/01/2012,3.2,3.393199628,3.020608286,3.168360731,3.756598207,3.304704094,3.649061261,3.534389964,3.560417063,3.520453006,3.057873052,3.602322687,4.08150141,3.287316658
201202,01/02/2012,3.1,3.28364201,2.71014708,2.990177814,3.494534886,3.403329589,3.990643312,3.332889104,3.619892555,3.314943101,3.078291347,3.64159767,4.059905924,2.927631392
201203,01/03/2012,3.1,3.282254951,2.572189117,3.182003238,3.260289705,3.584227136,4.180803202,3.083093465,3.650085047,3.177862797,2.889293592,3.673449606,3.886524666,2.781533091
201204,01/04/2012,2.8,2.965929093,2.499177267,2.863822725,3.141536302,3.379396963,3.809728226,2.79186872,3.326258328,2.907464616,2.727426902,3.175589629,3.441006779,2.357937364
201205,01/05/2012,2.5,2.676953871,2.23952296,2.619729485,2.976559281,2.807204771,3.257194126,2.602047552,3.193629905,2.615425716,2.28079339,3.297292861,2.796685838,2.433573406
201206,01/06/2012,2.3,2.189633402,1.964282127,2.146766806,2.209019516,2.560875537,2.858401083,2.179044126,2.477097979,2.011806106,2.019248537,2.700214588,2.151689953,2.009651296
201207,01/07/2012,2.4,2.084789013,1.954444035,2.020166275,2.624757688,2.27047896,2.697075219,1.485992013,2.51410098,1.80601507,1.966191073,2.473702439,1.857238077,1.830586268
201208,01/08/2012,2.3,1.845077527,1.844294417,1.686870944,1.878619516,1.921938146,2.166455162,1.518652942,2.430761458,1.745598061,1.743703378,2.344912989,1.726842019,1.649401497
201209,01/09/2012,2.1,1.598122512,1.450508063,1.314660793,1.308326305,1.749647454,2.196131734,1.169450098,2.091180386,1.548191466,1.702842778,2.203395643,1.848081294,1.723447873
201210,01/10/2012,2.4,1.65195062,1.56019704,1.395846426,1.45666726,1.959471123,2.321206904,1.068225075,1.905157043,1.324333003,1.627815963,2.294493353,2.045693563,1.197406013
201211,01/11/2012,2.4,1.836780854,1.626680275,1.619003783,1.564829176,1.926259084,2.25551847,1.6875102,2.225002088,1.180575319,1.837087885,2.364217006,1.927573409,1.887843055
201212,01/12/2012,2.4,2.094387687,1.907882976,2.037519953,1.935832817,2.376632312,2.639358747,1.574612178,2.450623144,1.77185703,1.832207487,2.246315946,2.133464537,1.93914227
201301,01/01/2013,2.4,1.918103232,1.739247439,2.059323969,1.826922211,2.312862315,2.246665954,1.659208265,1.969752071,1.575733931,2.008377674,1.875172804,1.939132854,2.154703604
201302,01/02/2013,2.5,1.645447809,1.679149635,1.755353088,1.445777107,1.71545245,1.92883329,1.407252049,1.252920265,1.653478009,2.048908493,1.671373789,1.465684331,1.480664782
201303,01/03/2013,2.5,1.656174786,1.664432856,1.825929699,1.391216102,1.85173451,1.822834359,1.624824787,1.254785437,1.828347526,2.102094036,1.825454164,1.368186559,1.344576808
201304,01/04/2013,2.2,1.781233056,1.697215961,1.655648936,1.461233193,1.91599979,2.07725377,1.547879386,1.622340907,1.769702917,1.983356751,2.086425478,1.495233998,1.847031233
201305,01/05/2013,2.4,1.774225441,1.700750071,1.719133458,1.506013864,1.806627667,2.082693345,1.382308047,1.464625826,1.774616919,1.805686626,2.082228862,1.4920439,1.85728703
201306,01/06/2013,2.6,2.115435489,1.923776801,1.946553712,2.015876244,2.067347867,2.498435561,1.495238571,1.882770948,2.093021084,1.937629658,2.365165763,2.120997053,1.776479348
201307,01/07/2013,2.5,2.085729646,1.738953825,1.954015505,1.757743922,2.247380889,2.352835061,1.608092294,1.404026189,2.158881276,1.951996839,2.486527872,2.492717774,1.845754576
201308,01/08/2013,2.4,2.165721904,1.876264386,1.982562775,1.952187215,2.437942373,2.509738734,1.538309153,1.386860738,2.157752816,2.140124755,2.41193697,2.41448985,1.891463409
201309,01/09/2013,2.4,2.371129736,1.976493811,2.354099222,2.28404164,2.516935032,2.761020489,1.75549339,1.685555011,2.158966795,2.18678832,3.002300218,2.500648035,1.707217876
201310,01/10/2013,2,2.427475774,1.946323899,2.324608143,2.378090068,2.388993067,3.01841036,1.980123277,1.715115457,2.57342984,2.218103625,2.841780009,2.766400813,2.096403305
201311,01/11/2013,1.9,2.20838905,1.923098932,2.124021604,2.324275854,2.118784268,2.907661345,1.582683127,1.56979951,2.775510981,2.317006875,2.462855064,2.260620694,1.360205245
201312,01/12/2013,1.9,2.000737074,1.787408785,1.759076228,2.125270844,1.813006645,2.467972153,1.663278896,1.410443786,2.442705874,2.141441581,2.327603915,1.958730372,1.405375359
201401,01/01/2014,1.8,2.125147323,1.740847798,1.791414716,2.19702468,1.910968709,2.893319656,1.732277283,1.588553839,2.65667935,2.287544748,2.403989598,2.29334578,1.330187507
201402,01/02/2014,1.6,2.112900998,1.785962838,1.753085365,2.135728313,2.016465746,2.649754377,2.024024135,2.05805465,2.249675024,1.827654801,2.365584385,2.226362401,1.17445026
201403,01/03/2014,1.5,2.132844236,1.798879682,1.70518923,2.252375555,1.923164912,2.661319161,1.794099634,1.945219086,1.995451632,1.806927111,2.071511168,2.779964113,1.454665752
201404,01/04/2014,1.7,1.681605854,1.270573308,1.484931388,1.660422257,1.721485699,2.045413921,1.765677236,1.209198956,1.539843987,1.565984767,1.569417898,2.43044693,0.682685772
201405,01/05/2014,1.5,1.690813957,1.088478271,1.221100659,1.437898286,1.848882661,2.489274882,2.086911986,1.187362811,1.632725572,1.638753429,1.602222529,2.535450873,0.360422564
201406,01/06/2014,1.8,1.863165882,1.319509838,1.379264786,1.652933971,1.806647367,2.485206714,2.343868919,1.436950562,1.787142209,1.931852291,1.645670712,3.058274407,0.901969651
201407,01/07/2014,1.6,1.48771046,0.824378909,1.05933503,1.308727414,1.308892624,2.239057177,2.16607101,1.248882836,1.485447556,1.278406073,1.592615706,2.38287884,0.464087981
201408,01/08/2014,1.5,1.460159585,1.157684859,1.07202431,1.370013027,1.229143026,2.132932098,2.149058193,1.10106072,1.48836328,1.240747326,1.64041078,2.152044924,0.253363225
201409,01/09/2014,1.3,1.425642467,1.140526881,0.876104783,1.486999973,1.462373573,2.10662039,2.241305557,1.109048034,1.412031897,1.219652513,1.225982084,2.3697431,0.431794314
201410,01/10/2014,1.3,1.310741223,0.956672975,0.718962894,1.40222059,1.219131333,1.967324218,1.815402358,1.012909328,1.254329851,1.35758274,1.360100575,2.264669279,0.76105235
201411,01/11/2014,1.1,1.009493832,0.530775768,0.529919043,1.002404119,1.081341954,1.570845105,1.502334349,0.669079306,0.799828123,0.677352136,1.235091503,2.112847888,0.595095598
201412,01/12/2014,0.7,1.047379239,0.733738459,0.440795368,1.235725217,1.200592219,1.836551674,1.321643832,0.685851572,0.623105381,0.593423121,1.307903114,2.193597354,0.633108064
201501,01/01/2015,0.5,0.741508265,0.276768689,0.519905783,0.683593274,0.68183151,1.353429405,0.984896045,0.178954783,0.337425232,0.309529793,0.961111492,1.700179551,-0.104790569
201502,01/02/2015,0.4,0.566631144,0.106835911,0.19727458,0.92209863,0.488789009,0.95704058,0.944791332,-0.423439548,0.367255061,0.064430508,0.641849016,1.641397503,0.22652555
201503,01/03/2015,0.3,0.409070785,0.058872549,-0.033788135,0.489481373,0.486675645,1.225936486,0.554014883,-0.304314027,0.320335035,-0.287359624,0.668665277,1.195423721,0.019551501
201504,01/04/2015,0.3,0.483123554,0.220018505,0.180490743,0.712261775,0.360173262,1.333098083,0.837402428,-0.18261126,0.467380301,-0.021965983,0.632653531,1.122994777,-0.233367443
201505,01/05/2015,0.4,0.460800115,0.340734613,0.181873859,0.840004429,0.259305171,1.141652679,0.602848992,-0.353831433,0.473374628,0.269540586,0.57938717,1.093196797,-0.20045543
201506,01/06/2015,0.3,0.47453855,0.366195117,0.26367158,0.687735682,0.395321305,1.36786689,0.5377121,-0.041412274,0.18506008,0.041121572,0.317619517,0.844723373,0.096177985
201507,01/07/2015,0.5,0.527097162,0.420807902,0.297968062,0.800512284,0.511328191,1.143693213,0.351855517,0.093227058,0.411253458,0.176456887,0.375344957,1.126001855,0.156931106
201508,01/08/2015,0.4,0.489895135,0.272598425,0.358263749,0.71683512,0.321428287,1.130024719,0.480918632,-0.050817573,0.428847447,0.171703394,0.517017603,1.07807421,0.406600757
201509,01/09/2015,0.2,0.214598673,0.142331983,0.062050946,0.575305173,-0.079740197,0.864878506,0.053143151,-0.454884692,0.275972907,0.082632274,-0.072464192,0.605197791,0.17330692
201510,01/10/2015,0.2,0.316278401,0.317542281,0.421907537,0.529200675,0.223650516,0.790770003,0.278876003,-0.125989327,0.192619087,0.020772781,-0.12057593,0.499246712,-0.175348464
201511,01/11/2015,0.4,0.483998865,0.628181512,0.617266684,0.726391525,0.385810923,1.335196836,0.480545456,-0.005337612,0.309640967,0.186738376,0.235968347,0.577831584,-0.020125211
201512,01/12/2015,0.5,0.321762797,0.287952949,0.342480272,0.337848185,0.153222237,1.204902219,0.235869015,-0.090413109,0.375306285,-0.115427682,0.045941117,0.795058544,-0.316740088
201601,01/01/2016,0.6,0.59885568,0.709933826,0.609831695,0.88062014,0.806538592,1.7908825,0.27850549,0.056221264,0.509072558,0.079328161,0.328777091,1.12720947,-0.050193978
201602,01/02/2016,0.6,0.669126916,0.953629029,0.640930251,0.604312621,0.913144008,2.00972094,0.597859611,0.318364085,0.538921462,0.422054684,0.805463035,1.081971369,0.182818711
201603,01/03/2016,0.8,0.766623922,0.865727551,0.869749729,0.939594897,1.015247193,2.041906844,0.793213182,0.293070188,0.728844804,0.730903338,0.387419422,1.008386692,-0.037007901
201604,01/04/2016,0.7,0.772915843,0.825014296,0.789070621,1.143858227,0.80145849,1.990526382,0.51793625,0.537133336,0.544232579,0.470762145,0.410598532,1.250411886,0.303494323
201605,01/05/2016,0.7,0.720492913,0.928188213,0.686315997,1.146090255,0.983291525,1.872241459,0.359208324,0.787927156,0.46453536,0.260464864,0.351220806,0.849124597,0.541170323
201606,01/06/2016,0.8,0.601872876,0.853008595,0.59434245,1.047038301,0.907364419,1.357874325,0.500583859,0.1672384,0.592905059,0.110477765,0.567369222,0.655574899,0.529371027
201607,01/07/2016,0.9,0.874289656,1.06558483,0.837664703,1.457550311,1.1369315,1.752688739,0.871990188,0.458406528,0.923394636,0.354059021,0.578268331,0.913891608,1.162026192
201608,01/08/2016,1,0.726760404,0.988545739,0.582992966,1.24884597,0.876312503,1.719233024,0.687094019,0.825699194,0.539555203,0.187559002,0.452317753,0.919921322,0.603168532
201609,01/09/2016,1.3,1.124578064,1.125933215,1.133914945,1.525727441,1.485806667,1.893734404,1.103380492,1.274805779,1.015115577,0.64131021,0.932182166,0.947172543,1.040038657
201610,01/10/2016,1.3,1.191237239,1.159185491,0.900233062,1.572818458,1.302695461,2.30137564,1.335792492,1.19738203,1.083227145,0.798460075,1.073782154,1.150063534,0.973319658
201611,01/11/2016,1.5,1.521838602,1.503149667,1.180365974,1.996287848,1.577151452,2.293055947,1.611412838,1.511486021,1.354766069,1.248182691,1.336547088,1.590114036,1.108411093
201612,01/12/2016,1.8,1.8025222,1.631911821,1.639707772,2.277893954,1.845850334,2.483012082,2.022549913,1.743603683,1.537167109,1.866058046,1.698073018,1.607259143,2.031638733
201701,01/01/2017,1.9,1.950613642,2.174665954,1.638267906,1.989037132,1.684071779,2.327848777,2.868474153,1.953971693,1.890719459,2.037751149,1.562982918,1.663741194,2.209733606
201702,01/02/2017,2.3,2.629108273,2.781612475,2.377605569,3.1198797,2.378510003,3.086576774,2.98644782,2.421162863,2.573830241,2.37886736,2.384030108,2.376084194,2.375120393
201703,01/03/2017,2.3,2.955939001,3.23997709,2.644830786,3.497841071,2.827709815,2.508593754,3.467568975,2.744868635,2.639529817,2.630490417,2.844111918,2.953008873,2.757828376
201704,01/04/2017,2.6,3.102854592,3.282524676,2.886178042,3.322955862,2.924118994,2.828580995,3.604503542,2.756169673,3.256092098,2.748396211,3.050140359,2.86098383,2.588463281
201705,01/05/2017,2.7,3.479766153,3.648367851,3.451237522,3.562699164,3.61231572,3.053794073,3.888943514,2.954764695,3.584552999,2.849424335,3.495532312,3.510039572,2.818101926
201706,01/06/2017,2.6,3.67467382,3.817409944,3.59239165,3.773989426,3.491077755,3.590405582,4.187016022,3.21641378,3.842031659,3.177490283,3.835565098,3.727899618,2.519597869
201707,01/07/2017,2.6,3.68782951,4.059334754,3.455569986,3.697776265,3.765858057,4.108675002,4.287109058,3.376365608,3.641690259,3.333261453,3.926659533,3.481362974,2.288428091
201708,01/08/2017,2.7,3.963131416,4.137843321,4.122630126,4.227427528,4.060299482,3.908049821,4.192328842,3.14709465,3.758817135,3.699823025,4.240543564,3.988755246,3.475601219
201709,01/09/2017,2.8,4.085814575,4.532426835,4.21116492,4.403777752,4.141480682,4.428884829,4.641364809,2.973743203,3.813641687,3.66488651,4.289619524,4.111572737,3.212965509
201710,01/10/2017,2.8,4.162186567,4.588911093,4.143344941,4.775541879,4.515649216,4.159045689,4.928981056,3.289660491,3.74348265,3.761385686,4.271616056,4.180874722,3.639225112
201711,01/11/2017,2.8,3.95974517,4.322783459,4.075130072,4.250350845,4.492888561,4.00512099,5.019190092,3.114455255,3.76415005,3.603499397,3.89387874,4.040850782,3.513992112
201712,01/12/2017,2.7,4.119568299,4.845471472,4.02876983,4.143432909,4.614386778,4.148716493,5.172029932,3.503740701,3.906731031,3.526659009,3.832863274,4.238685428,3.38573689
201801,01/01/2018,2.7,3.93423756,4.42685185,3.520808872,4.003878895,4.758856651,4.3711741,4.511950702,3.451018853,3.559436925,3.349540372,3.896504795,4.08667975,3.204901014
201802,01/02/2018,2.5,3.205593098,3.625191683,2.886656105,3.088782261,4.137082818,3.609958283,4.051283472,2.768791439,3.001985622,3.069885553,3.004060257,3.379453535,2.92735779
201803,01/03/2018,2.3,2.922059836,3.613276826,2.669595397,2.949734263,3.552884132,3.585434063,3.558422594,2.430367341,2.948360325,2.658480554,2.71129287,2.884721841,2.902924093
201804,01/04/2018,2.2,3.024942358,3.773861401,2.772054524,3.07674248,3.654158767,3.335226711,3.877378245,2.587695664,2.601577003,3.057256706,3.096449251,3.032813355,3.384297026
201805,01/05/2018,2.3,2.779128187,3.421355215,2.321567198,2.952274808,3.196618532,3.228138709,3.700773661,2.341781057,2.405472425,3.021569685,2.549632059,2.92264129,3.110121884
201806,01/06/2018,2.3,2.547347882,3.230659283,2.018811803,2.724949072,3.090747338,2.804039236,3.199821904,2.158439122,2.236906086,2.899870734,2.122103258,2.571635237,3.216313642
201807,01/07/2018,2.3,2.504575263,3.144738529,2.245756997,2.586281569,2.728122295,2.375483196,2.887966974,2.155192139,2.069299798,2.584315617,2.134519927,2.337039179,3.168060786
201808,01/08/2018,2.4,2.536590427,3.421675987,1.99761171,2.45003956,2.917903764,2.596072417,2.999422961,2.281014389,2.274472504,2.509024085,2.275428831,2.033365275,2.917637173
201809,01/09/2018,2.2,2.236324768,3.070531964,1.599660758,1.889303563,2.674865441,1.97845991,2.528448492,2.112146774,2.208224873,2.738858925,1.865980334,2.03105992,2.905801019
201810,01/10/2018,2.2,2.043362581,2.883362993,1.608527318,1.517762946,2.47073657,2.021862762,2.138640938,1.965885751,1.895873523,2.364661218,1.405514563,1.870992629,2.474641536
201811,01/11/2018,2.2,2.295756456,3.060818065,1.598750581,1.753385966,2.612706772,2.306550956,2.332093666,2.102866416,2.013622342,2.592231015,1.474840009,2.056917964,3.177607574
201812,01/12/2018,2,2.103241147,2.817648887,1.638559611,2.005168002,2.298914567,2.190001529,1.849643329,1.932913032,1.654884429,2.556427607,1.706043924,1.818840101,3.089162025
201901,01/01/2019,1.8,2.070758904,2.652164925,1.832980659,1.912577719,2.184800731,1.658619756,1.685153377,1.64162558,1.916288818,2.358337002,1.426216721,1.603781366,3.007116283
201902,01/02/2019,1.8,2.245428695,2.937906193,2.04518094,1.991450462,2.138158858,1.792237532,1.750368399,1.789105215,1.831537249,2.384320031,1.220712394,1.663943859,2.814937972
201903,01/03/2019,1.8,2.22024144,2.683552267,1.643126001,2.074197171,2.356334597,2.027173146,1.801401702,1.710482564,1.726323919,2.760001538,1.486700942,1.874730513,2.88947437
201904,01/04/2019,2,1.849609123,2.408229725,1.620782133,1.687444822,2.034606893,1.741017935,1.253015729,1.216920473,1.585991442,1.766841996,1.299348811,1.400377458,2.5479489
201905,01/05/2019,1.9,2.189926892,2.669332959,2.111811916,1.977790674,1.912435657,2.034763497,1.688895467,1.654967955,1.708618238,2.352096391,1.41420443,1.525902105,3.288416691
201906,01/06/2019,1.9,2.490786373,2.689673435,2.304566165,2.28153229,2.225144709,2.525873084,1.682695612,2.111560987,2.08856297,2.507100779,1.8261405,1.977656237,3.838600635
201907,01/07/2019,2,2.495370617,2.537995654,2.185862078,2.337728956,2.332504971,2.601815093,1.826367569,1.838030346,2.135578297,2.616439191,1.942247582,2.248635127,3.739198717
201908,01/08/2019,1.7,2.426387089,2.444349288,2.08011775,2.084300311,2.008322149,2.715428379,1.814955052,1.878111371,2.191886279,2.683477365,1.583780367,2.06967225,3.638270121
201909,01/09/2019,1.7,2.456491955,2.530053831,2.0391984,2.044306523,2.020012378,2.692533596,1.512141711,2.36248749,2.00368633,2.515184478,2.383439913,1.964437266,3.731586472
201910,01/10/2019,1.5,2.515622183,2.527143826,2.180527056,2.245369853,1.93286775,2.784293219,1.665259593,2.366251057,2.242129434,2.717147804,2.471572083,1.838711458,3.613360747
201911,01/11/2019,1.5,2.497320076,2.656075146,2.185311674,2.095796825,2.032692637,2.884040082,1.600059169,2.492083111,2.055331193,2.656393776,2.581827364,1.875518792,3.281488854
201912,01/12/2019,1.4,2.291131387,2.172402001,1.981532985,1.662014814,1.889272018,2.180872148,1.782244427,2.08043481,2.220946576,2.644657988,2.506818263,1.615901467,2.884150292
202001,01/01/2020,1.8,2.413999739,2.396766775,2.259841124,1.956610254,1.988625559,2.876479591,1.960267928,2.431379722,2.347225649,2.587367768,2.804201776,1.959448012,3.35871327
202002,01/02/2020,1.7,2.372080018,2.228654177,1.9505557,2.007962576,1.830602096,2.779104061,2.039417559,2.490640168,2.489099803,2.57336379,2.875120202,1.894765316,3.49070796
202003,01/03/2020,1.5,2.225748582,1.966789979,1.994947632,1.585362291,1.526905623,2.396929029,1.780863364,2.697240646,2.375230476,2.695334707,2.744731723,1.578676247,2.989189598
202004,01/04/2020,0.9,2.585144785,1.822257314,1.711593082,2.173940579,1.723761327,3.138226259,1.886517392,3.400787302,2.203538235,4.189254663,3.12783254,2.074310574,3.675593331
202005,01/05/2020,0.7,2.442331843,2.026704146,1.79437757,1.896347703,1.773018863,3.041724807,2.005181632,3.287637076,2.31409597,3.387307749,3.426097999,1.995079821,2.90792635
202006,01/06/2020,0.8,2.221108478,1.969936477,1.828979373,1.667933446,1.334315897,2.637137736,2.271529479,3.206036839,2.102513908,2.919042881,2.842814964,1.68318231,2.318405528
202007,01/07/2020,1.1,2.692451748,2.163021564,2.366360872,2.144354381,1.995199731,3.220147292,2.704624776,3.73786204,2.603928277,3.637638657,2.982987054,2.236619149,2.71123284
202008,01/08/2020,0.5,2.142165832,2.903834982,1.794890295,1.901599886,1.444242328,1.772357275,2.551873369,2.738340845,1.681762888,2.278268339,3.085279248,1.9918341,1.919435375
202009,01/09/2020,0.7,2.697802421,3.330449949,2.772703855,2.781903719,1.842959498,2.270233681,3.158189509,2.62497343,1.900840052,2.420496343,2.745414778,2.279246103,3.274390377
202010,01/10/2020,0.9,2.837116062,3.522334511,2.890163249,2.579785559,1.984415233,2.346861063,3.099013879,2.772884358,2.355897983,2.533929769,3.099883875,2.338543589,4.024348439
202011,01/11/2020,0.6,2.202821452,2.690687076,1.986535749,2.112759986,0.99023142,1.630423266,2.306665312,2.315685036,1.80976461,2.015474346,2.748758839,1.728768201,3.827617481
202012,01/12/2020,0.8,2.491190362,2.864204199,2.255496513,2.150041745,1.513944628,2.378066594,2.645660264,2.541358147,1.804290064,2.242927207,2.8564003,1.96825124,4.146875562
202101,01/01/2021,0.9,2.651287224,2.956980215,2.241111686,2.563044894,1.644361812,2.115523819,3.019776698,3.143959767,1.570291034,2.383038626,3.217177645,2.107150288,3.961823726
202102,01/02/2021,0.7,2.537022051,2.6950093,2.340748814,2.105266031,1.622334699,1.88170211,2.652968338,2.702764165,1.183544291,2.65292316,3.024721488,2.100600169,3.945372858
202103,01/03/2021,1,2.704588517,3.160914464,2.654141566,2.163606212,1.598596816,2.448795612,3.063886034,2.558564604,1.218230058,2.314679839,2.981705489,2.444180967,4.057506768
202104,01/04/2021,1.6,3.072907545,3.862010699,3.174912141,2.347589452,2.609869465,2.458215223,3.495583948,2.537353521,2.183676257,2.016470167,3.343653167,2.846893949,3.754230445
202105,01/05/2021,2.1,3.308660084,3.862095589,3.048957078,2.539904912,3.145987162,2.619921603,3.781566284,2.458298607,2.472632787,2.43586292,3.266653721,3.165687105,4.498464551
202106,01/06/2021,2.4,3.717914162,4.500958091,3.413812562,3.335424955,3.749149189,3.121583326,4.064080527,2.483782676,2.702411727,2.93408367,4.103910627,3.50009892,4.795239915
202107,01/07/2021,2.1,3.296700876,4.474163673,3.237646131,2.707697507,3.145626952,2.639759371,3.654152274,2.198872823,2.336062652,2.322462283,3.697749071,3.107599367,4.443880069
202108,01/08/2021,3,3.934705342,3.811107122,3.82802171,3.037596232,3.808174642,4.23691624,4.454395079,3.30101491,3.206057863,3.721561457,3.449955972,3.721637234,4.824764091
202109,01/09/2021,2.9,3.394074913,3.45265663,2.79730984,2.445369357,3.403326756,3.756016362,4.45314999,3.198963106,2.905317421,3.085162759,3.41076895,3.330565822,3.62571391
202110,01/10/2021,3.8,3.834238532,3.885359066,3.266122785,3.030581765,3.781137961,4.55300573,4.906515032,3.779542751,3.01170144,3.564275704,3.879384163,4.00688277,3.244009987
202111,01/11/2021,4.6,4.744225095,5.043411265,4.397497125,4.028797023,5.241210345,5.529005637,6.169908928,4.336639949,4.052686294,4.250339742,4.648262993,4.786885835,3.863266953
202112,01/12/2021,4.8,5.135040314,5.70045046,4.805906064,4.646463682,5.351838543,5.966060938,6.324929967,4.854937423,4.649989294,4.273254298,4.813247777,5.31553164,4.540722021
202201,01/01/2022,4.9,5.37034447,5.920370322,5.199576748,5.011169604,5.690323021,6.072632356,6.62649925,4.767084478,5.166179199,4.592332401,4.743473311,5.447169224,5.102721945
202202,01/02/2022,5.5,6.080956102,6.975369791,6.070191595,5.928151525,6.363570493,7.014964399,7.606864412,5.991543133,5.946212837,4.795000685,5.640668172,5.999021019,5.576600814
202203,01/03/2022,6.2,6.793101307,7.454841772,6.534748823,6.777475601,7.266419732,7.747594269,8.260266588,6.619560654,6.898438151,5.66103299,6.585248696,6.826884567,6.349873675
202204,01/04/2022,7.8,6.976544165,7.814730227,6.790423356,6.883322095,7.122351443,7.957166218,8.680122782,6.905794158,6.920615366,5.929292973,6.058918143,6.920621049,6.911806732
202205,01/05/2022,7.9,7.405997413,8.005016431,7.46448442,7.605082233,7.334394687,8.581418283,8.980526533,7.412815576,7.246317725,6.56722941,6.752883423,7.340323303,6.902988673
202206,01/06/2022,8.2,7.864860096,8.187116828,7.952635765,7.776987398,8.141150085,8.826622247,9.252523162,8.101662608,7.774784227,7.311428337,6.656125102,7.877839124,6.889387022
202207,01/07/2022,8.8,8.858605837,9.067071552,8.729801868,8.784983557,9.028724665,10.03235744,10.31446563,8.97905507,8.62057667,8.39345117,7.996347934,8.587371275,7.738943327
202208,01/08/2022,8.6,9.319235373,9.18889683,9.148364098,9.556742189,9.632515812,10.29094934,10.43382253,9.503711479,9.209980725,9.043470671,8.928188284,8.693453972,8.717683524
202209,01/09/2022,8.8,9.713380114,9.575368408,9.659075062,9.954563734,10.14499248,10.5760014,10.41617937,9.915842696,9.570510613,9.459905275,9.080002815,9.370713903,9.039181148
202210,01/10/2022,9.6,10.09019277,9.980896863,10.09281172,10.19087037,10.47852445,10.26156448,11.06688289,10.11929992,10.09028134,9.666088824,9.712225315,9.712677579,9.890604532
202211,01/11/2022,9.3,10.00592844,9.823456446,10.00228678,10.44031569,10.02210192,9.993070268,10.36778729,10.43692289,10.14439413,9.528633347,9.510669624,9.778121054,9.48714304
202212,01/12/2022,9.2,10.13345029,9.955977873,10.12445556,10.63696783,10.48248284,10.30850989,10.58858329,10.4357397,10.06568518,9.706424783,9.910391179,9.735492175,9.036740952
202301,01/01/2023,8.8,10.11402679,10.00392111,9.940215496,10.18191548,10.38046345,10.58526599,10.52503401,10.35299046,9.875131156,9.823050176,9.748682446,9.681216271,8.986889488
202302,01/02/2023,9.2,10.74599145,10.73407877,10.85082135,10.72447673,11.31188098,10.92789569,10.65797956,10.75057562,10.57436306,10.48271505,10.61616779,10.41670424,9.424372007
202303,01/03/2023,8.9,10.82816199,10.654042,10.82799102,10.91783311,11.31960712,11.01851123,11.41365546,11.00914893,10.90000207,10.64815742,10.7221453,10.35711616,9.619188611
202304,01/04/2023,7.8,10.96573614,10.7701461,11.05726503,10.74069914,11.26240893,11.32822629,11.27556651,11.0996404,11.23427289,10.60147566,11.30161441,10.72206771,10.45910312
202305,01/05/2023,7.9,10.70499236,10.86408251,10.3969869,10.58515201,11.07777806,10.81566995,10.87066092,11.25842596,10.84372803,10.63549718,10.89672287,10.31600021,10.19318907
202306,01/06/2023,7.3,10.11139038,10.61062976,9.837145243,10.13871253,10.40230359,9.962475978,10.46721948,10.55503495,10.3052595,9.737293595,10.90002862,9.721963282,9.84566486
202307,01/07/2023,6.4,9.508720573,9.900470073,9.125887785,9.479951552,9.890430306,9.670317897,10.11955437,10.22063404,9.748731381,9.108350426,10.39381971,9.196650904,9.403332909
202308,01/08/2023,6.3,8.930480862,9.314874079,8.777780377,8.609154749,9.49662858,9.344688458,9.604342055,9.602825017,9.333598118,8.654976983,9.834266763,8.69071243,8.356908801
202309,01/09/2023,6.3,8.433975515,8.94067085,8.382872225,8.282226097,8.905248224,9.056022178,8.899820741,8.661655963,8.783645007,8.628611712,9.483106372,8.29424528,8.312244586
202310,01/10/2023,4.7,7.634424759,8.084154488,7.554891076,7.563005003,8.149152824,8.368302086,8.04172024,7.674686679,7.787870425,8.164080311,8.616016009,7.442201125,7.210242727
202311,01/11/2023,4.2,7.058174443,7.634298915,7.074178432,6.568424944,7.545585577,8.127266285,7.718382228,7.019587464,7.257024848,7.476284771,7.884741182,6.705273667,6.548694133
202312,01/12/2023,4.2,6.849029448,7.375778325,6.710136758,6.304366718,7.208958981,7.593494537,7.511615139,6.917973124,7.02376312,7.578981335,7.637661427,6.770627569,6.814377653
202401,01/01/2024,4.2,6.204490187,6.593341689,6.175662864,5.815734178,6.725355075,6.823194537,6.667596934,6.078280153,7.050077942,6.764950399,7.476942331,6.292123534,5.759315899
202402,01/02/2024,3.8,5.236531083,5.16123446,4.800464346,4.789548802,5.480161043,6.284485875,6.121873059,5.406859862,5.829681124,5.962393367,6.375004787,5.427281054,5.235577926
202403,01/03/2024,3.8,4.601670871,4.840534687,4.469696547,4.007760162,4.770941016,4.705934265,5.124625177,4.751555384,4.979438832,5.356016733,5.827132498,4.510637571,4.945876427
202404,01/04/2024,3,4.042628164,4.217732433,3.960243435,3.722481575,4.252062872,4.160770721,4.922261306,4.413288497,3.98735481,4.598553884,5.391785929,3.644441307,3.77728956
202405,01/05/2024,2.8,3.522216632,3.230851857,3.71762638,3.225012452,3.61287393,3.86904985,4.300614873,3.583749049,3.469247745,4.144848207,4.97119828,3.264774642,3.379917972
202406,01/06/2024,2.8,3.387193995,2.829520507,3.234400647,2.993996762,3.417728766,4.436045376,4.324263659,3.355207039,3.269090682,4.00523356,4.485014283,2.928923609,3.456035617
202407,01/07/2024,3.1,3.215027911,2.627099645,3.188648283,2.691786363,3.124801404,3.685903763,3.781561673,3.014862234,3.029691178,4.066844775,4.213504212,3.024665208,3.471577837
202408,01/08/2024,3.1,2.892507769,2.484072542,2.590721448,2.579522206,2.464831169,3.079636981,3.455142646,2.533119804,2.603673358,3.237475742,3.511214965,3.121914872,3.713464948
202409,01/09/2024,2.6,2.857630548,2.353524613,2.497125594,2.285918986,2.56172167,2.92497634,3.881721276,2.790306019,2.688611581,2.835750608,3.719990021,2.798848115,3.217424752
202410,01/10/2024,3.2,2.73656715,2.29576003,2.349986518,2.367351361,2.521186519,2.741423369,3.566148264,2.955811112,2.520236169,2.402230937,3.667948135,2.802068532,3.412832721
202411,01/11/2024,3.5,2.931909615,2.514364903,2.525902006,2.778281229,2.91680271,2.858669394,4.090793192,2.719174113,2.500504696,2.340545999,4.076174678,3.107866165,3.768428074
202412,01/12/2024,3.5,2.775529361,2.212794988,2.49977803,2.688317226,2.779065573,2.743517577,3.89424839,2.398185662,2.539873088,2.01493234,3.99911042,2.667182591,3.413222974
